Workbook

Sheet RECEIPT
A1: S.NO. | B1: DESCRIPTION | C1: UNIT | D1: 18/7/25 | E1: 8.8.25 | F1: 45889 | G1: 45890 | H1: 45899 | I1: 45903 | J1: 45906 | K1: 45915 | L1: 45917 | M1: 45919 | N1: 45920 | O1: 25 | P1: 45926 | Q1: TOTAL
A2: 1 | B2: Y 8MM | C2: PCS | Q2: =SUM(D2:P2) -> 0
A3: 2 | B3: Y 10MM | C3: PCS | Q3: =SUM(D3:P3) -> 0
A4: 3 | B4: WIRE CONNECTOR | C4: PCS | Q4: =SUM(D4:P4) -> 0
A5: 4 | B5: WINDER CONTROLLER | C5: PCS | Q5: =SUM(D5:P5) -> 0
A6: 5 | B6: WINDER CARD | C6: PCS | Q6: =SUM(D6:P6) -> 0
A7: 6 | B7: WELDING ROD MS | C7: PCS | I7: 2 | Q7: =SUM(D7:P7) -> 2
A8: 7 | B8: WELDING GOGGLE | C8: PCS | Q8: =SUM(D8:P8) -> 0
A9: 8 | B9: VERNIER CALIPER | C9: PCS | Q9: =SUM(D9:P9) -> 0
A10: 9 | B10: UPS FUSE 315A | C10: PCS | Q10: =SUM(D10:P10) -> 0
A11: 10 | B11: UPS FAN | C11: PCS | Q11: =SUM(D11:P11) -> 0
A12: 11 | B12: U TYPE THIMBLE 2.5MM | C12: PCS | Q12: =SUM(D12:P12) -> 0
A13: 12 | B13: U TYPE THIMBLE 1.5MM | C13: PCS | Q13: =SUM(D13:P13) -> 0
A14: 13 | B14: TUBE LIGHT DRIVER | C14: PCS | Q14: =SUM(D14:P14) -> 0
A15: 14 | B15: TPR FUSE 75A | C15: PCS | Q15: =SUM(D15:P15) -> 0
A16: 15 | B16: TPR FUSE 55A | C16: PCS | Q16: =SUM(D16:P16) -> 0
A17: 16 | B17: TPR FUSE 50A | C17: PCS | Q17: =SUM(D17:P17) -> 0
A18: 17 | B18: TPR FUSE 35A | C18: PCS | Q18: =SUM(D18:P18) -> 0
A19: 18 | B19: TPR 40A | C19: PCS | Q19: =SUM(D19:P19) -> 0
... A21: 20 | B21: TIMER ON DELAY | C21: PCS | Q21: =SUM(D21:P21) -> 0
A22: 21 | B22: TIMER DT 60 S | C22: PCS | D22: 2 | Q22: =SUM(D22:P22) -> 2
A23: 22 | B23: TIMER AT8N | C23: PCS | Q23: =SUM(D23:P23) -> 0
A24: 23 | B24: TIMER 55ES-P8-230 | C24: PCS | Q24: =SUM(D24:P24) -> 0
A25: 24 | B25: THIMBLE 150MM | C25: PCS | D25: 6 | Q25: =SUM(D25:P25) -> 6
A26: 25 | B26: THERMOCOUPLE P TYPE | C26: PCS | Q26: =SUM(D26:P26) -> 0
A27: 26 | B27: THERMOCOUPLE K TYPE | C27: PCS | Q27: =SUM(D27:P27) -> 0
A28: 27 | B28: THERMOCOUPLE 5MTR | C28: PCS | Q28: =SUM(D28:P28) -> 0
A29: 28 | B29: THERMOCOUPLE 3MTR | C29: PCS | Q29: =SUM(D29:P29) -> 0
A30: 29 | B30: TEMP.CONTROLLER UTC 122 | C30: PCS | Q30: =SUM(D30:P30) -> 0
A31: 30 | B31: TEMP.CONTROLLER TK4M-14RN | C31: PCS | Q31: =SUM(D31:P31) -> 0
A32: 31 | B32: TEMP.CONTROLLER DX 9 | C32: PCS | Q32: =SUM(D32:P32) -> 0
A33: 32 | B33: TEE 8MM | C33: PCS | Q33: =SUM(D33:P33) -> 0
A34: 33 | B34: TEE 6MM | C34: PCS | Q34: =SUM(D34:P34) -> 0
A35: 34 | B35: TEE 12MM | C35: PCS | Q35: =SUM(D35:P35) -> 0
A36: 35 | B36: TEE 1/2X10 | C36: PCS | Q36: =SUM(D36:P36) -> 0
A37: 36 | B37: TAPER SLEEVE H 315 | C37: PCS | Q37: =SUM(D37:P37) -> 0
A38: 37 | B38: TAPE DISPENSOR | C38: PCS | G38: 2 | J38: 4 | Q38: =SUM(D38:P38) -> 6
A39: 38 | B39: TAFLON TAPE | C39: PCS | D39: 10 | Q39: =SUM(D39:P39) -> 10
A40: 39 | B40: SWITCH 6A | C40: PCS | Q40: =SUM(D40:P40) -> 0
A41: 40 | B41: SWITCH 16A | C41: PCS | Q41: =SUM(D41:P41) -> 0
A42: 41 | B42: STAR DELTA TIMER | C42: PCS | Q42: =SUM(D42:P42) -> 0
A43: 42 | B43: SS HYDRAULIC NIPPLE D TYPE 3/8" | C43: PCS | Q43: =SUM(D43:P43) -> 0
A44: 43 | B44: SS HEX NIPPLE 3/4" | C44: PCS | Q44: =SUM(D44:P44) -> 0
A45: 44 | B45: SS HEX NIPPLE 1/2" | C45: PCS | Q45: =SUM(D45:P45) -> 0
A46: 45 | B46: SPRAY GUN | C46: PCS | Q46: =SUM(D46:P46) -> 0
A47: 46 | B47: SOLENOID VALVE WATER 3/4" | C47: PCS | Q47: =SUM(D47:P47) -> 0
A48: 47 | B48: SOLENOID VALVE WATER 1/2" | C48: PCS | Q48: =SUM(D48:P48) -> 0
A49: 48 | B49: SOLENOID VALVE AIR | C49: PCS | Q49: =SUM(D49:P49) -> 0
A50: 49 | B50: SOLENOID COIL WATER | C50: PCS | Q50: =SUM(D50:P50) -> 0
A51: 50 | B51: SOLENOID COIL AIR | C51: PCS | Q51: =SUM(D51:P51) -> 0
... A75: 74 | B75: RELAY 11PIN | C75: PCS | Q75: =SUM(D75:P75) -> 0
A76: 75 | B76: PVC TAPE | C76: PCS | D76: 30 | M76: 30 | Q76: =SUM(D76:P76) -> 60
A77: 76 | B77: PUSH BUTTON | C77: PCS | Q77: =SUM(D77:P77) -> 0
A78: 77 | B78: PU PIPE FOR AIR GUN | C78: PCS | Q78: =SUM(D78:P78) -> 0
A79: 78 | B79: PU CONNECTOR 3/8" X 8 | C79: PCS | Q79: =SUM(D79:P79) -> 0
A80: 79 | B80: PU CONNECTOR 3/8" X 16 | C80: PCS | Q80: =SUM(D80:P80) -> 0
A81: 80 | B81: PU CONNECTOR 3/8" X 10 | C81: PCS | Q81: =SUM(D81:P81) -> 0
A82: 81 | B82: PU CONNECTOR 1/8" X 8 | C82: PCS | Q82: =SUM(D82:P82) -> 0
A83: 82 | B83: PU CONNECTOR 1/4" X 8 | C83: PCS | Q83: =SUM(D83:P83) -> 0
A84: 83 | B84: PU CONNECTOR 1/4" X 12 | C84: PCS | Q84: =SUM(D84:P84) -> 0
A85: 84 | B85: PU CONNECTOR 1/4" X 10 | C85: PCS | Q85: =SUM(D85:P85) -> 0
A86: 85 | B86: PU CONNECTOR 1/2" X 12 | C86: PCS | Q86: =SUM(D86:P86) -> 0
A87: 86 | B87: PU CONNECTOR 1/2" X 10 | C87: PCS | Q87: =SUM(D87:P87) -> 0
A88: 87 | B88: MPCB 4-6.3 AMP | C88: PCS | O88: 2 | Q88: =SUM(D88:P88) -> 2
A89: 88 | B89: POWER SUPPLY 24V | C89: PCS | Q89: =SUM(D89:P89) -> 0
A90: 89 | B90: POWER FACTOR CONTACTOR MOC 50KVA | C90: PCS | Q90: =SUM(D90:P90) -> 0
A91: 90 | B91: POWER FACTOR CONTACTOR MOC 25KVA | C91: PCS | Q91: =SUM(D91:P91) -> 0
A92: 91 | B92: POWER FACTOR CAPACITOR 25KVA | C92: PCS | Q92: =SUM(D92:P92) -> 0
A93: 92 | B93: POWER FACTOR CAPACITOR 25 KVAR | C93: PCS | Q93: =SUM(D93:P93) -> 0
A94: 93 | B94: POWER FACTOR CAPACITOR 20 KVAR | C94: PCS | Q94: =SUM(D94:P94) -> 0
A95: 94 | B95: POWER FACTOR CAPACITOR 10KVA | C95: PCS | Q95: =SUM(D95:P95) -> 0
A96: 95 | B96: POTENTIO METER B202K | C96: PCS | Q96: =SUM(D96:P96) -> 0
A97: 96 | B97: POTENTIO METER 5K | C97: PCS | E97: 2 | Q97: =SUM(D97:P97) -> 2
A98: 97 | B98: POTENTIO METER 2K | C98: PCS | Q98: =SUM(D98:P98) -> 0
A99: 98 | B99: POTENTIO METER 250K | C99: PCS | Q99: =SUM(D99:P99) -> 0
A100: 99 | B100: POTENTIO METER 1K | C100: PCS | Q100: =SUM(D100:P100) -> 0
A101: 100 | B101: POTENTIO METER 10K | C101: PCS | E101: 2 | Q101: =SUM(D101:P101) -> 2
A102: 101 | B102: POTENTIO METER 100K | C102: PCS | Q102: =SUM(D102:P102) -> 0
A103: 102 | B103: PNEUMATIC CYLINDER 80X160 | C103: PCS | Q103: =SUM(D103:P103) -> 0
A104: 103 | B104: PNEUMATIC CYLINDER 63X50 | C104: PCS | Q104: =SUM(D104:P104) -> 0
A105: 104 | B105: PLASTIC TAP | C105: PCS | E105: 2 | Q105: =SUM(D105:P105) -> 2
A106: 105 | B106: PIPE THIMBLE 5MM | C106: PCS | Q106: =SUM(D106:P106) -> 0
A107: 106 | B107: PIPE THIMBLE 1.5MM | C107: PCS | Q107: =SUM(D107:P107) -> 0
A108: 107 | B108: PIPE M/C GLASS HEATER 500W/230V P | C108: PCS | Q108: =SUM(D108:P108) -> 0
A109: 108 | B109: PIPE M/C GLASS HEATER 500W/230V GI | C109: PCS | Q109: =SUM(D109:P109) -> 0
A110: 109 | B110: PIPE M/C GLASS HEATER 500W/230V D | C110: PCS | Q110: =SUM(D110:P110) -> 0
A111: 110 | B111: PHOTO SENSOR SET | C111: PCS | Q111: =SUM(D111:P111) -> 0
A112: 111 | B112: PHOTO SENSOR GTB-6 - P 1212 | C112: PCS | Q112: =SUM(D112:P112) -> 0
A113: 112 | B113: PHOTO SENSOR GTB-6 - N 1212 | C113: PCS | D113: 2 | Q113: =SUM(D113:P113) -> 2
A114: 113 | B114: PHOTO SENSOR GC-E3Z-D81 | C114: PCS | Q114: =SUM(D114:P114) -> 0
A115: 114 | B115: PHOTO SENSOR GC-E3Z-D61 | C115: PCS | Q115: =SUM(D115:P115) -> 0
A116: 115 | B116: PHOTO SENSOR BX5M-MFR | C116: PCS | Q116: =SUM(D116:P116) -> 0
A117: 116 | B117: PHASE SEQUENCER S1VMR7 | C117: PCS | Q117: =SUM(D117:P117) -> 0
A118: 117 | B118: PANEL RELAY 24V | C118: PCS | Q118: =SUM(D118:P118) -> 0
A119: 118 | B119: PANEL LOCK | C119: PCS | Q119: =SUM(D119:P119) -> 0
A120: 119 | B120: PANEL INDICATOR | C120: PCS | Q120: =SUM(D120:P120) -> 0
A121: 120 | B121: PANEL FAN 8" | C121: PCS | Q121: =SUM(D121:P121) -> 0
A122: 121 | B122: PANEL FAN 6" | C122: PCS | Q122: =SUM(D122:P122) -> 0
A123: 122 | B123: PANEL FAN 4" | C123: PCS | Q123: =SUM(D123:P123) -> 0
A124: 123 | B124: OVER LAOD RELAY 7-10 | C124: PCS | Q124: =SUM(D124:P124) -> 0
...

Sheet ISSUE
A1: S.NO. | B1: DESCRIPTION | C1: UNIT | D1: 2.7.25 | E1: 3.7.25 | F1: 4.7.25 | G1: 15.7.25 | H1: 45854 | I1: 18 | J1: 19.07.25 | K1: 21.07.25 | L1: 23.07.25 | M1: 24.07.25 | N1: 26.07.25 | O1: 27 | P1: 30 | Q1: 31 | R1: 45665 | S1: 2.8 | T1: 5.8 | U1: 6.8 | V1: 7.8 | W1: 8.8 | X1: 10 | Y1: 11 | Z1: 13 | AA1: 14 | AB1: 16 | AC1: 18 | AD1: 19 | AE1: 20 | AF1: 21 | AG1: 22 | AH1: 23 | AI1: 26 | AJ1: 27 | AK1: 28 | AL1: 29 | AM1: 30 | AN1: 31 | AO1: 45901 | AP1: 3 | AQ1: 4 | AR1: 7 | AS1: 9 | AT1: 12 | AU1: 14 | AV1: 15 | AW1: 19 | AX1: 20 | AY1: 21 | AZ1: 22 | BA1: 25 | BB1: 29 | BC1: TOTAL | BD1: 45931 | BE1: 3 | BF1: 4 | BG1: 5
A2: 1 | B2: =RECEIPT!B2 -> Y 8MM | C2: PCS | BC2: =SUM(D2:BB2) -> 0
A3: 2 | B3: =RECEIPT!B3 -> Y 10MM | C3: PCS | BC3: =SUM(D3:BB3) -> 0
A4: 3 | B4: =RECEIPT!B4 -> WIRE CONNECTOR | C4: PCS | BC4: =SUM(D4:BB4) -> 0
A5: 4 | B5: =RECEIPT!B5 -> WINDER CONTROLLER | C5: PCS | BC5: =SUM(D5:BB5) -> 0
A6: 5 | B6: =RECEIPT!B6 -> WINDER CARD | C6: PCS | O6: 1 | BC6: =SUM(D6:BB6) -> 1
A7: 6 | B7: =RECEIPT!B7 -> WELDING ROD MS | C7: PCK | AP7: 1 | AU7: 1 | AZ7: 1 | BC7: =SUM(D7:BB7) -> 3
A8: 7 | B8: =RECEIPT!B8 -> WELDING GOGGLE | C8: PCS | BC8: =SUM(D8:BB8) -> 0
A9: 8 | B9: =RECEIPT!B9 -> VERNIER CALIPER | C9: PCS | BC9: =SUM(D9:BB9) -> 0
A10: 9 | B10: =RECEIPT!B10 -> UPS FUSE 315A | C10: PCS | BC10: =SUM(D10:BB10) -> 0
A11: 10 | B11: =RECEIPT!B11 -> UPS FAN | C11: PCS | BC11: =SUM(D11:BB11) -> 0
A12: 11 | B12: =RECEIPT!B12 -> U TYPE THIMBLE 2.5MM | C12: PCS | R12: 6 | BC12: =SUM(D12:BB12) -> 6
A13: 12 | B13: =RECEIPT!B13 -> U TYPE THIMBLE 1.5MM | C13: PCS | BC13: =SUM(D13:BB13) -> 0
A14: 13 | B14: =RECEIPT!B14 -> TUBE LIGHT DRIVER | C14: PCS | Y14: 3 | BC14: =SUM(D14:BB14) -> 3
A15: 14 | B15: =RECEIPT!B15 -> TPR FUSE 75A | C15: PCS | BC15: =SUM(D15:BB15) -> 0
A16: 15 | B16: =RECEIPT!B16 -> TPR FUSE 55A | C16: PCS | BC16: =SUM(D16:BB16) -> 0
A17: 16 | B17: =RECEIPT!B17 -> TPR FUSE 50A | C17: PCS | BC17: =SUM(D17:BB17) -> 0
A18: 17 | B18: =RECEIPT!B18 -> TPR FUSE 35A | C18: PCS | BC18: =SUM(D18:BB18) -> 0
A19: 18 | B19: =RECEIPT!B19 -> TPR 40A | C19: PCS | BC19: =SUM(D19:BB19) -> 0
A20: 19 | B20: =RECEIPT!B20 -> TOGGLE SWITCH 15A | C20: PCS | K20: 1 | Q20: 2 | BC20: =SUM(D20:BB20) -> 3
A21: 20 | B21: =RECEIPT!B21 -> TIMER ON DELAY | C21: PCS | BC21: =SUM(D21:BB21) -> 0
A22: 21 | B22: =RECEIPT!B22 -> TIMER DT 60 S | C22: PCS | P22: 2 | BC22: =SUM(D22:BB22) -> 2
A23: 22 | B23: =RECEIPT!B23 -> TIMER AT8N | C23: KG | BC23: =SUM(D23:BB23) -> 0
A24: 23 | B24: =RECEIPT!B24 -> TIMER 55ES-P8-230 | C24: PCS | BC24: =SUM(D24:BB24) -> 0
A25: 24 | B25: =RECEIPT!B25 -> THIMBLE 150MM | C25: PCS | P25: 6 | BC25: =SUM(D25:BB25) -> 6
A26: 25 | B26: =RECEIPT!B26 -> THERMOCOUPLE P TYPE | C26: PCS | BC26: =SUM(D26:BB26) -> 0
A27: 26 | B27: =RECEIPT!B27 -> THERMOCOUPLE K TYPE | C27: PCS | BC27: =SUM(D27:BB27) -> 0
A28: 27 | B28: =RECEIPT!B28 -> THERMOCOUPLE 5MTR | C28: PCS | BC28: =SUM(D28:BB28) -> 0
A29: 28 | B29: =RECEIPT!B29 -> THERMOCOUPLE 3MTR | C29: PCS | BC29: =SUM(D29:BB29) -> 0
A30: 29 | B30: =RECEIPT!B30 -> TEMP.CONTROLLER UTC 122 | C30: PCS | BC30: =SUM(D30:BB30) -> 0
A31: 30 | B31: =RECEIPT!B31 -> TEMP.CONTROLLER TK4M-14RN | C31: PCS | BC31: =SUM(D31:BB31) -> 0
A32: 31 | B32: =RECEIPT!B32 -> TEMP.CONTROLLER DX 9 | C32: PCS | BC32: =SUM(D32:BB32) -> 0
A33: 32 | B33: =RECEIPT!B33 -> TEE 8MM | C33: PCS | BC33: =SUM(D33:BB33) -> 0
A34: 33 | B34: =RECEIPT!B34 -> TEE 6MM | C34: PCS | BC34: =SUM(D34:BB34) -> 0
A35: 34 | B35: =RECEIPT!B35 -> TEE 12MM | C35: PCS | BC35: =SUM(D35:BB35) -> 0
A36: 35 | B36: =RECEIPT!B36 -> TEE 1/2X10 | C36: PCS | BC36: =SUM(D36:BB36) -> 0
A37: 36 | B37: =RECEIPT!B37 -> TAPER SLEEVE H 315 | C37: PCS | BC37: =SUM(D37:BB37) -> 0
A38: 37 | B38: =RECEIPT!B38 -> TAPE DISPENSOR | C38: PCS | AE38: 1 | AH38: 1 | AX38: 1 | BA38: 1 | BC38: =SUM(D38:BB38) -> 4
A39: 38 | B39: =RECEIPT!B39 -> TAFLON TAPE | C39: PCS | N39: 1 | O39: 1 | T39: 1 | AE39: 2 | AF39: 1 | AK39: 2 | AS39: 2 | AU39: 1 | BC39: =SUM(D39:BB39) -> 11
A40: 39 | B40: =RECEIPT!B40 -> SWITCH 6A | C40: PCS | BC40: =SUM(D40:BB40) -> 0
A41: 40 | B41: =RECEIPT!B41 -> SWITCH 16A | C41: PCS | AO41: 1 | BC41: =SUM(D41:BB41) -> 1
A42: 41 | B42: =RECEIPT!B42 -> STAR DELTA TIMER | C42: PCS | BC42: =SUM(D42:BB42) -> 0
A43: 42 | B43: =RECEIPT!B43 -> SS HYDRAULIC NIPPLE D TYPE 3/8" | C43: PCS | BC43: =SUM(D43:BB43) -> 0
A44: 43 | B44: =RECEIPT!B44 -> SS HEX NIPPLE 3/4" | C44: PCS | AS44: 2 | AU44: 2 | BC44: =SUM(D44:BB44) -> 4
A45: 44 | B45: =RECEIPT!B45 -> SS HEX NIPPLE 1/2" | C45: PCS | BC45: =SUM(D45:BB45) -> 0
A46: 45 | B46: =RECEIPT!B46 -> SPRAY GUN | C46: PCS | BC46: =SUM(D46:BB46) -> 0
A47: 46 | B47: =RECEIPT!B47 -> SOLENOID VALVE WATER 3/4" | C47: PCS | BC47: =SUM(D47:BB47) -> 0
A48: 47 | B48: =RECEIPT!B48 -> SOLENOID VALVE WATER 1/2" | C48: PCS | BC48: =SUM(D48:BB48) -> 0
A49: 48 | B49: =RECEIPT!B49 -> SOLENOID VALVE AIR | C49: PCS | AX49: 1 | BC49: =SUM(D49:BB49) -> 1
A50: 49 | B50: =RECEIPT!B50 -> SOLENOID COIL WATER | C50: PCS | AX50: 1 | BC50: =SUM(D50:BB50) -> 1
A51: 50 | B51: =RECEIPT!B51 -> SOLENOID COIL AIR | C51: PCS | AE51: 1 | AX51: 1 | BC51: =SUM(D51:BB51) -> 2
A52: 51 | B52: =RECEIPT!B52 -> SOLENOID COIL 14837A | C52: PCS | BC52: =SUM(D52:BB52) -> 0
A53: 52 | B53: =RECEIPT!B53 -> SOCKET 6A | C53: PCS | AP53: 1 | BA53: 4 | BC53: =SUM(D53:BB53) -> 5
A54: 53 | B54: =RECEIPT!B54 -> SOCKET 16A | C54: PCS | N54: 1 | Y54: 1 | AO54: 1 | BA54: 4 | BC54: =SUM(D54:BB54) -> 7
A55: 54 | B55: =RECEIPT!B55 -> SMOKE SENSOR | C55: PCS | BC55: =SUM(D55:BB55) -> 0
A56: 55 | B56: =RECEIPT!B56 -> SENSOR ZERO WSITCH | C56: PCS | BC56: =SUM(D56:BB56) -> 0
A57: 56 | B57: =RECEIPT!B57 -> SENSOR BODY | C57: PCS | BC57: =SUM(D57:BB57) -> 0
A58: 57 | B58: =RECEIPT!B58 -> SELF DRILLING SCREW 12 X 35 | C58: PCS | BC58: =SUM(D58:BB58) -> 0
A59: 58 | B59: =RECEIPT!B59 -> SELECTOR SWITCH | C59: PCS | BC59: =SUM(D59:BB59) -> 0
A60: 59 | B60: =RECEIPT!B60 -> ROTARY VALVE 3/4" | C60: PCS | BC60: =SUM(D60:BB60) -> 0
A61: 60 | B61: =RECEIPT!B61 -> ROTARY VALVE 1/2" | C61: PCS | AS61: 1 | BC61: =SUM(D61:BB61) -> 1
A62: 61 | B62: =RECEIPT!B62 -> ROTARY VALVE 1.5" | C62: PCS | BC62: =SUM(D62:BB62) -> 0
A63: 62 | B63: =RECEIPT!B63 -> ROTARY VALVE 1" | C63: PCS | BC63: =SUM(D63:BB63) -> 0
A64: 63 | B64: =RECEIPT!B64 -> ROTARY ENCODER ENC 1-1-T-24 | C64: PCS | BC64: =SUM(D64:BB64) -> 0
A65: 64 | B65: =RECEIPT!B65 -> RO MOTOR | C65: PCS | BC65: =SUM(D65:BB65) -> 0
A66: 65 | B66: =RECEIPT!B66 -> RO FILTER | C66: PCS | W66: 3 | BC66: =SUM(D66:BB66) -> 3
A67: 66 | B67: =RECEIPT!B67 -> RO ADAPTER 24V | C67: PCS | BC67: =SUM(D67:BB67) -> 0
A68: 67 | B68: =RECEIPT!B68 -> RING TYPE THIMBLE 16MM | C68: PCS | BC68: =SUM(D68:BB68) -> 0
A69: 68 | B69: =RECEIPT!B69 -> COPPER THIMBLERING TYPE 10MM | C69: PCS | S69: 10 | BC69: =SUM(D69:BB69) -> 10
A70: 69 | B70: =RECEIPT!B70 -> RELAY BASE 8PIN | C70: PCS | BC70: =SUM(D70:BB70) -> 0
A71: 70 | B71: =RECEIPT!B71 -> RELAY BASE 14PIN | C71: PCS | BC71: =SUM(D71:BB71) -> 0
A72: 71 | B72: =RECEIPT!B72 -> RELAY BASE 11PIN | C72: PCS | BC72: =SUM(D72:BB72) -> 0
A73: 72 | B73: =RECEIPT!B73 -> RELAY 14PIN 220V | C73: PCS | BC73: =SUM(D73:BB73) -> 0
A74: 73 | B74: =RECEIPT!B74 -> RELAY 14PIN | C74: PCS | BC74: =SUM(D74:BB74) -> 0
A75: 74 | B75: =RECEIPT!B75 -> RELAY 11PIN | C75: PCS | BC75: =SUM(D75:BB75) -> 0
A76: 75 | B76: =RECEIPT!B76 -> PVC TAPE | C76: PCS | M76: 1 | N76: 2 | O76: =1+1 -> 2 | P76: 6 | Q76: 1 | S76: 1 | U76: 2 | Y76: 2 | AA76: 2 | AC76: 2 | AE76: 4 | AG76: 4 | AI76: 4 | AJ76: 2 | AK76: 2 | AL76: 3 | AM76: 4 | AN76: 2 | AP76: 1 | AR76: 3 | AS76: 4 | AU76: 2 | AW76: 2 | AY76: 4 | AZ76: 3 | BB76: 4 | BC76: =SUM(D76:BB76) -> 69 | BD76: 2 | BE76: 2
A77: 76 | B77: =RECEIPT!B77 -> PUSH BUTTON | C77: PCS | BC77: =SUM(D77:BB77) -> 0
A78: 77 | B78: =RECEIPT!B78 -> PU PIPE FOR AIR GUN | C78: PCS | BC78: =SUM(D78:BB78) -> 0
A79: 78 | B79: =RECEIPT!B79 -> PU CONNECTOR 3/8" X 8 | C79: PCS | G79: 1 | BC79: =SUM(D79:BB79) -> 1
A80: 79 | B80: =RECEIPT!B80 -> PU CONNECTOR 3/8" X 16 | C80: PCS | BC80: =SUM(D80:BB80) -> 0
A81: 80 | B81: =RECEIPT!B81 -> PU CONNECTOR 3/8" X 10 | C81: PCS | BC81: =SUM(D81:BB81) -> 0
A82: 81 | B82: =RECEIPT!B82 -> PU CONNECTOR 1/8" X 8 | C82: PCS | BC82: =SUM(D82:BB82) -> 0
A83: 82 | B83: =RECEIPT!B83 -> PU CONNECTOR 1/4" X 8 | C83: PCS | P83: 1 | BC83: =SUM(D83:BB83) -> 1
A84: 83 | B84: =RECEIPT!B84 -> PU CONNECTOR 1/4" X 12 | C84: PCS | BC84: =SUM(D84:BB84) -> 0
A85: 84 | B85: =RECEIPT!B85 -> PU CONNECTOR 1/4" X 10 | C85: PCS | BC85: =SUM(D85:BB85) -> 0
A86: 85 | B86: =RECEIPT!B86 -> PU CONNECTOR 1/2" X 12 | C86: PCS | AF86: 2 | BC86: =SUM(D86:BB86) -> 2
A87: 86 | B87: =RECEIPT!B87 -> PU CONNECTOR 1/2" X 10 | C87: PCS | BC87: =SUM(D87:BB87) -> 0
A88: 87 | B88: =RECEIPT!B88 -> MPCB 4-6.3 AMP | C88: PCS | BC88: =SUM(D88:BB88) -> 0
A89: 88 | B89: =RECEIPT!B89 -> POWER SUPPLY 24V | C89: PCS | BC89: =SUM(D89:BB89) -> 0
A90: 89 | B90: =RECEIPT!B90 -> POWER FACTOR CONTACTOR MOC 50KVA | C90: PCS | P90: 1 | BC90: =SUM(D90:BB90) -> 1
A91: 90 | B91: =RECEIPT!B91 -> POWER FACTOR CONTACTOR MOC 25KVA | C91: PCS | BC91: =SUM(D91:BB91) -> 0
A92: 91 | B92: =RECEIPT!B92 -> POWER FACTOR CAPACITOR 25KVA | C92: PCS | BC92: =SUM(D92:BB92) -> 0
A93: 92 | B93: =RECEIPT!B93 -> POWER FACTOR CAPACITOR 25 KVAR | C93: PCS | BC93: =SUM(D93:BB93) -> 0
A94: 93 | B94: =RECEIPT!B94 -> POWER FACTOR CAPACITOR 20 KVAR | C94: PCS | BC94: =SUM(D94:BB94) -> 0
A95: 94 | B95: =RECEIPT!B95 -> POWER FACTOR CAPACITOR 10KVA | C95: PCS | BC95: =SUM(D95:BB95) -> 0
A96: 95 | B96: =RECEIPT!B96 -> POTENTIO METER B202K | C96: PCS | BC96: =SUM(D96:BB96) -> 0
A97: 96 | B97: =RECEIPT!B97 -> POTENTIO METER 5K | C97: PCS | BC97: =SUM(D97:BB97) -> 0
A98: 97 | B98: =RECEIPT!B98 -> POTENTIO METER 2K | C98: PCS | BC98: =SUM(D98:BB98) -> 0
A99: 98 | B99: =RECEIPT!B99 -> POTENTIO METER 250K | C99: PCS | BC99: =SUM(D99:BB99) -> 0
A100: 99 | B100: =RECEIPT!B100 -> POTENTIO METER 1K | C100: PCS | AH100: 1 | BC100: =SUM(D100:BB100) -> 1
...

Sheet BALANCE
A1: S.NO. | B1: DESCRIPTION | C1: UNIT | D1: OPENING | E1: RECEIPT | F1: ISSUE | G1: BALANCE
A2: 1 | B2: =RECEIPT!B2 -> Y 8MM | C2: PCS | D2: 8 | E2: =RECEIPT!Q2 -> 0 | F2: =ISSUE!BC2 -> 0 | G2: =+D2+E2-F2 -> 8
A3: 2 | B3: =RECEIPT!B3 -> Y 10MM | C3: PCS | D3: 10 | E3: =RECEIPT!Q3 -> 0 | F3: =ISSUE!BC3 -> 0 | G3: =+D3+E3-F3 -> 10
A4: 3 | B4: =RECEIPT!B4 -> WIRE CONNECTOR | C4: PCS | D4: 4 | E4: =RECEIPT!Q4 -> 0 | F4: =ISSUE!BC4 -> 0 | G4: =+D4+E4-F4 -> 4
A5: 4 | B5: =RECEIPT!B5 -> WINDER CONTROLLER | C5: PCS | D5: 1 | E5: =RECEIPT!Q5 -> 0 | F5: =ISSUE!BC5 -> 0 | G5: =+D5+E5-F5 -> 1
A6: 5 | B6: =RECEIPT!B6 -> WINDER CARD | C6: PCS | D6: 1 | E6: =RECEIPT!Q6 -> 0 | F6: =ISSUE!BC6 -> 1 | G6: =+D6+E6-F6 -> 0
A7: 6 | B7: =RECEIPT!B7 -> WELDING ROD MS | C7: PKT | D7: 1 | E7: =RECEIPT!Q7 -> 2 | F7: =ISSUE!BC7 -> 3 | G7: =+D7+E7-F7 -> 0
A8: 7 | B8: =RECEIPT!B8 -> WELDING GOGGLE | C8: PCS | D8: 5 | E8: =RECEIPT!Q8 -> 0 | F8: =ISSUE!BC8 -> 0 | G8: =+D8+E8-F8 -> 5
A9: 8 | B9: =RECEIPT!B9 -> VERNIER CALIPER | C9: PCS | D9: 2 | E9: =RECEIPT!Q9 -> 0 | F9: =ISSUE!BC9 -> 0 | G9: =+D9+E9-F9 -> 2
A10: 9 | B10: =RECEIPT!B10 -> UPS FUSE 315A | C10: PCS | D10: 2 | E10: =RECEIPT!Q10 -> 0 | F10: =ISSUE!BC10 -> 0 | G10: =+D10+E10-F10 -> 2
A11: 10 | B11: =RECEIPT!B11 -> UPS FAN | C11: PCS | D11: 2 | E11: =RECEIPT!Q11 -> 0 | F11: =ISSUE!BC11 -> 0 | G11: =+D11+E11-F11 -> 2
A12: 11 | B12: =RECEIPT!B12 -> U TYPE THIMBLE 2.5MM | C12: PCS | D12: 150 | E12: =RECEIPT!Q12 -> 0 | F12: =ISSUE!BC12 -> 6 | G12: =+D12+E12-F12 -> 144
A13: 12 | B13: =RECEIPT!B13 -> U TYPE THIMBLE 1.5MM | C13: PCS | D13: 200 | E13: =RECEIPT!Q13 -> 0 | F13: =ISSUE!BC13 -> 0 | G13: =+D13+E13-F13 -> 200
... A83: 82 | B83: =RECEIPT!B83 -> PU CONNECTOR 1/4" X 8 | C83: PCS | D83: 5 | E83: =RECEIPT!Q83 -> 0 | F83: =ISSUE!BC83 -> 1 | G83: =+D83+E83-F83 -> 4
A84: 83 | B84: =RECEIPT!B84 -> PU CONNECTOR 1/4" X 12 | C84: PCS | D84: 4 | E84: =RECEIPT!Q84 -> 0 | F84: =ISSUE!BC83 -> 1 | G84: =+D84+E84-F84 -> 3
A85: 84 | B85: =RECEIPT!B85 -> PU CONNECTOR 1/4" X 10 | C85: PCS | D85: 15 | E85: =RECEIPT!Q85 -> 0 | F85: =ISSUE!BC85 -> 0 | G85: =+D85+E85-F85 -> 15
A86: 85 | B86: =RECEIPT!B86 -> PU CONNECTOR 1/2" X 12 | C86: PCS | D86: 10 | E86: =RECEIPT!Q86 -> 0 | F86: =ISSUE!BC86 -> 2 | G86: =+D86+E86-F86 -> 8
A87: 86 | B87: =RECEIPT!B87 -> PU CONNECTOR 1/2" X 10 | C87: PCS | D87: 22 | E87: =RECEIPT!Q87 -> 0 | F87: =ISSUE!BC87 -> 0 | G87: =+D87+E87-F87 -> 22
A88: 87 | B88: =RECEIPT!B88 -> MPCB 4-6.3 AMP | C88: PCS | D88: 0 | E88: =RECEIPT!Q88 -> 2 | F88: =ISSUE!BC88 -> 0 | G88: =+D88+E88-F88 -> 2
A89: 88 | B89: =RECEIPT!B89 -> POWER SUPPLY 24V | C89: PCS | D89: 2 | E89: =RECEIPT!Q89 -> 0 | F89: =ISSUE!BC89 -> 0 | G89: =+D89+E89-F89 -> 2
A90: 89 | B90: =RECEIPT!B90 -> POWER FACTOR CONTACTOR MOC 50KVA | C90: PCS | D90: 2 | E90: =RECEIPT!Q90 -> 0 | F90: =ISSUE!BC90 -> 1 | G90: =+D90+E90-F90 -> 1
A91: 90 | B91: =RECEIPT!B91 -> POWER FACTOR CONTACTOR MOC 25KVA | C91: PCS | D91: 4 | E91: =RECEIPT!Q91 -> 0 | F91: =ISSUE!BC91 -> 0 | G91: =+D91+E91-F91 -> 4
A92: 91 | B92: =RECEIPT!B92 -> POWER FACTOR CAPACITOR 25KVA | C92: PCS | D92: 2 | E92: =RECEIPT!Q92 -> 0 | F92: =ISSUE!BC92 -> 0 | G92: =+D92+E92-F92 -> 2
A93: 92 | B93: =RECEIPT!B93 -> POWER FACTOR CAPACITOR 25 KVAR | C93: PCS | D93: 1 | E93: =RECEIPT!Q93 -> 0 | F93: =ISSUE!BC93 -> 0 | G93: =+D93+E93-F93 -> 1
A94: 93 | B94: =RECEIPT!B94 -> POWER FACTOR CAPACITOR 20 KVAR | C94: PCS | D94: 1 | E94: =RECEIPT!Q94 -> 0 | F94: =ISSUE!BC94 -> 0 | G94: =+D94+E94-F94 -> 1
A95: 94 | B95: =RECEIPT!B95 -> POWER FACTOR CAPACITOR 10KVA | C95: PCS | D95: 1 | E95: =RECEIPT!Q95 -> 0 | F95: =ISSUE!BC95 -> 0 | G95: =+D95+E95-F95 -> 1
A96: 95 | B96: =RECEIPT!B96 -> POTENTIO METER B202K | C96: PKT | D96: 4 | E96: =RECEIPT!Q96 -> 0 | F96: =ISSUE!BC96 -> 0 | G96: =+D96+E96-F96 -> 4
... A99: 98 | B99: =RECEIPT!B99 -> POTENTIO METER 250K | C99: PCS | D99: 6 | E99: =RECEIPT!Q99 -> 0 | F99: =ISSUE!BC99 -> 0 | G99: =+D99+E99-F99 -> 6
A100: 99 | B100: =RECEIPT!B100 -> POTENTIO METER 1K | C100: PCS | E100: =RECEIPT!Q100 -> 0 | F100: =ISSUE!BC100 -> 1 | G100: =+D100+E100-F100 -> #VALUE!
A101: 100 | B101: =RECEIPT!B101 -> POTENTIO METER 10K | C101: PCS | D101: 10 | E101: =RECEIPT!Q101 -> 2 | F101: =ISSUE!BC101 -> 0 | G101: =+D101+E101-F101 -> 12
A102: 101 | B102: =RECEIPT!B102 -> POTENTIO METER 100K | C102: PCS | D102: 5 | E102: =RECEIPT!Q102 -> 0 | F102: =ISSUE!BC102 -> 0 | G102: =+D102+E102-F102 -> 5
A103: 102 | B103: =RECEIPT!B103 -> PNEUMATIC CYLINDER 80X160 | C103: PCS | D103: 2 | E103: =RECEIPT!Q103 -> 0 | F103: =ISSUE!BC103 -> 0 | G103: =+D103+E103-F103 -> 2
A104: 103 | B104: =RECEIPT!B104 -> PNEUMATIC CYLINDER 63X50 | C104: PCS | D104: 1 | E104: =RECEIPT!Q104 -> 0 | F104: =ISSUE!BC104 -> 0 | G104: =+D104+E104-F104 -> 1
A105: 104 | B105: =RECEIPT!B105 -> PLASTIC TAP | C105: PCS | D105: 5 | E105: =RECEIPT!Q105 -> 2 | F105: =ISSUE!BC105 -> 1 | G105: =+D105+E105-F105 -> 6
A106: 105 | B106: =RECEIPT!B106 -> PIPE THIMBLE 5MM | C106: PCS | D106: 73 | E106: =RECEIPT!Q106 -> 0 | F106: =ISSUE!BC106 -> 0 | G106: =+D106+E106-F106 -> 73
A107: 106 | B107: =RECEIPT!B107 -> PIPE THIMBLE 1.5MM | C107: PCS | D107: 200 | E107: =RECEIPT!Q107 -> 0 | F107: =ISSUE!BC107 -> 0 | G107: =+D107+E107-F107 -> 200
A108: 107 | B108: =RECEIPT!B108 -> PIPE M/C GLASS HEATER 500W/230V P | C108: PCS | D108: 23 | E108: =RECEIPT!Q108 -> 0 | F108: =ISSUE!BC108 -> 1 | G108: =+D108+E108-F108 -> 22
A109: 108 | B109: =RECEIPT!B109 -> PIPE M/C GLASS HEATER 500W/230V GI | C109: PCS | D109: 14 | E109: =RECEIPT!Q109 -> 0 | F109: =ISSUE!BC109 -> 1 | G109: =+D109+E109-F109 -> 13
A110: 109 | B110: =RECEIPT!B110 -> PIPE M/C GLASS HEATER 500W/230V D | C110: PCS | D110: 3 | E110: =RECEIPT!Q110 -> 0 | F110: =ISSUE!BC110 -> 0 | G110: =+D110+E110-F110 -> 3
A111: 110 | B111: =RECEIPT!B111 -> PHOTO SENSOR SET | C111: PCS | D111: 1 | E111: =RECEIPT!Q111 -> 0 | F111: =ISSUE!BC111 -> 0 | G111: =+D111+E111-F111 -> 1
A112: 111 | B112: =RECEIPT!B112 -> PHOTO SENSOR GTB-6 - P 1212 | C112: PCS | D112: 5 | E112: =RECEIPT!Q112 -> 0 | F112: =ISSUE!BC112 -> 1 | G112: =+D112+E112-F112 -> 4
... A311: 310 | B311: =RECEIPT!B311 -> BEARING UCFL 205 | C311: PCS | D311: 1 | E311: =RECEIPT!Q311 -> 0 | F311: =ISSUE!BC311 -> 0 | G311: =+D311+E311-F311 -> 1
A312: 311 | B312: =RECEIPT!B312 -> BEARING UC 212 | C312: PCS | D312: 2 | E312: =RECEIPT!Q312 -> 2 | F312: 1 | G312: =+D312+E312-F312 -> 3
A313: 312 | B313: =RECEIPT!B313 -> BEARING UC 211 | C313: PCS | D313: 2 | E313: =RECEIPT!Q313 -> 2 | F313: =ISSUE!BC313 -> 0 | G313: =+D313+E313-F313 -> 4
A314: 313 | B314: =RECEIPT!B314 -> BEARING UC 210 | C314: PCS | D314: 2 | E314: =RECEIPT!Q314 -> 0 | F314: =ISSUE!BC314 -> 0 | G314: =+D314+E314-F314 -> 2
A315: 314 | B315: =RECEIPT!B315 -> BEARING UC 209 | C315: PCS | D315: 3 | E315: =RECEIPT!Q315 -> 0 | F315: =ISSUE!BC315 -> 0 | G315: =+D315+E315-F315 -> 3
A316: 315 | B316: =RECEIPT!B316 -> BEARING UC 208 | C316: PCS | D316: 1 | E316: =RECEIPT!Q316 -> 7 | F316: =ISSUE!BC316 -> 4 | G316: =+D316+E316-F316 -> 4
A317: 316 | B317: =RECEIPT!B317 -> BEARING UC 207 | C317: PCS | D317: 3 | E317: =RECEIPT!Q317 -> 0 | F317: =ISSUE!BC317 -> 0 | G317: =+D317+E317-F317 -> 3
A318: 317 | B318: =RECEIPT!B318 -> BEARING UC 206 | C318: PCS | D318: 1 | E318: =RECEIPT!Q318 -> 6 | F318: =ISSUE!BC318 -> 1 | G318: =+D318+E318-F318 -> 6
A319: 318 | B319: =RECEIPT!B319 -> BEARING UC 204 | C319: PCS | D319: 5 | E319: =RECEIPT!Q319 -> 0 | F319: =ISSUE!BC319 -> 0 | G319: =+D319+E319-F319 -> 5
A320: 319 | B320: =RECEIPT!B320 -> BEARING T BRACKET 206 | C320: PCS | D320: 5 | E320: =RECEIPT!Q320 -> 0 | F320: =ISSUE!BC320 -> 0 | G320: =+D320+E320-F320 -> 5
A321: 320 | B321: =RECEIPT!B321 -> BEARING S 210 | C321: PCS | D321: 2 | E321: =RECEIPT!Q321 -> 0 | F321: =ISSUE!BC321 -> 0 | G321: =+D321+E321-F321 -> 2
A322: 321 | B322: =RECEIPT!B322 -> BEARING P212 | C322: PCS | D322: 2 | E322: =RECEIPT!Q322 -> 0 | F322: =ISSUE!BC322 -> 0 | G322: =+D322+E322-F322 -> 2
A323: 322 | B323: =RECEIPT!B323 -> BEARING NU218 | C323: PCS | D323: 2 | E323: =RECEIPT!Q323 -> 0 | F323: =ISSUE!BC323 -> 0 | G323: =+D323+E323-F323 -> 2
A324: 323 | B324: =RECEIPT!B324 -> BEARING LMK 25UU | C324: PCS | D324: 4 | E324: =RECEIPT!Q324 -> 0 | F324: =ISSUE!BC324 -> 0 | G324: =+D324+E324-F324 -> 4
... A394: 393 | B394: =RECEIPT!B394 -> PU TEE M10 X M10 | C394: PCS | D394: 0 | E394: =RECEIPT!Q394 -> 10 | F394: =ISSUE!BC394 -> 0 | G394: =+D394+E394-F394 -> 10
A395: 394 | B395: =RECEIPT!B395 -> 0 | C395: PCS | D395: 0 | E395: =RECEIPT!Q395 -> 0 | F395: =ISSUE!BC395 -> 0 | G395: 0
A396: 395 | B396: =RECEIPT!B396 -> 0 | C396: PCS | D396: 0 | E396: =RECEIPT!Q396 -> 0 | F396: =ISSUE!BC396 -> 0 | G396: 0
A397: 396 | B397: =RECEIPT!B397 -> 0 | C397: PCS | D397: 0 | E397: =RECEIPT!Q397 -> 0 | F397: =ISSUE!BC397 -> 0 | G397: 0
A398: 397 | B398: =RECEIPT!B398 -> 0 | C398: PCS | D398: 0 | E398: =RECEIPT!Q398 -> 0 | F398: =ISSUE!BC398 -> 0 | G398: 0
A399: 398 | B399: =RECEIPT!B399 -> 0 | C399: PCS | D399: 0 | E399: =RECEIPT!Q399 -> 0 | F399: =ISSUE!BC399 -> 0 | G399: 0
A400: 399 | B400: =RECEIPT!B400 -> 0 | C400: PCS | D400: 0 | E400: =RECEIPT!Q400 -> 0 | F400: =ISSUE!BC400 -> 0 | G400: 0
A401: 400 | B401: =RECEIPT!B401 -> 0 | C401: PCS | D401: 0 | E401: =RECEIPT!Q401 -> 0 | F401: =ISSUE!BC401 -> 0 | G401: 0
A402: 401 | B402: =RECEIPT!B402 -> 0 | C402: PCS | D402: 0 | E402: =RECEIPT!Q402 -> 0 | F402: =ISSUE!BC402 -> 0 | G402: 0
A403: 402 | B403: =RECEIPT!B403 -> 0 | C403: PCS | D403: 0 | E403: =RECEIPT!Q403 -> 0 | F403: =ISSUE!BC403 -> 0 | G403: 0
A404: 403 | B404: =RECEIPT!B404 -> 0 | C404: PCS | D404: 0 | E404: =RECEIPT!Q404 -> 0 | F404: =ISSUE!BC404 -> 0 | G404: 0
A405: 404 | B405: =RECEIPT!B405 -> 0 | C405: PCS | E405: =RECEIPT!Q405 -> 0 | F405: =ISSUE!BC405 -> 0 | G405: 0
A406: 405 | B406: =RECEIPT!B406 -> 0 | C406: PCS | E406: =RECEIPT!Q406 -> 0 | F406: =ISSUE!BC406 -> 0 | G406: 0
A407: 406 | B407: =RECEIPT!B407 -> 0 | C407: PCS | E407: =RECEIPT!Q407 -> 0 | F407: =ISSUE!BC407 -> 0 | G407: 0
A408: 407 | B408: =RECEIPT!B408 -> 0 | C408: PCS | E408: =RECEIPT!Q408 -> 0 | F408: =ISSUE!BC408 -> 0 | G408: 0
A409: 408 | C409: PCS | E409: =RECEIPT!Q409 -> 0 | F409: =ISSUE!BC409 -> 0 | G409: 0
A410: 409 | C410: PCS | G410: 0
A411: 410 | C411: PCS | G411: 0
A412: 411 | C412: PCS | G412: 0
A413: 412 | C413: PCS | G413: 0
A414: 413 | C414: PCS | G414: 0
A415: 414 | C415: PCS | G415: 0
A416: 415 | C416: PCS | G416: 0
A417: 416 | C417: PCS | G417: 0
A418: 417 | C418: PCS | G418: 0
A419: 418 | C419: PCS | G419: 0
A420: 419 | C420: PCS | G420: 0
A421: 420 | C421: PCS | G421: 0
... A476: 475 | C476: PCS | G476: 0
